{"chunk_definitions":[{"chunk_id":"cd6h1k38qxveu","expansion_state":0,"options":[],"row":13,"row_count":1,"visible":true},{"chunk_id":"cdokg7sdeqsfj","expansion_state":0,"options":[],"row":21,"row_count":1,"visible":true},{"chunk_id":"cf1o867rbqe49","expansion_state":0,"options":[],"row":30,"row_count":1,"visible":true},{"chunk_id":"ci0qpoq19pesh","expansion_state":0,"options":[],"row":54,"row_count":1,"visible":true},{"chunk_id":"cwu5q508lni0b","expansion_state":0,"options":[],"row":64,"row_count":1,"visible":true},{"chunk_id":"c7j2dwos5wn90","expansion_state":0,"options":[],"row":77,"row_count":1,"visible":true},{"chunk_id":"ct9aec4hdmwb5","expansion_state":0,"options":[],"row":88,"row_count":1,"visible":true},{"chunk_id":"cuyjck0i7bjh8","expansion_state":0,"options":[],"row":100,"row_count":1,"visible":true},{"chunk_id":"cmmsqyuw2hm9n","expansion_state":0,"options":[],"row":114,"row_count":1,"visible":true},{"chunk_id":"ce70d60c0qe6h","expansion_state":0,"options":[],"row":126,"row_count":1,"visible":true},{"chunk_id":"cdvjy43ir247n","expansion_state":0,"options":[],"row":139,"row_count":1,"visible":true},{"chunk_id":"cb53uhaknel56","expansion_state":0,"options":[],"row":153,"row_count":1,"visible":true},{"chunk_id":"cgj1mq7ae81t3","expansion_state":0,"options":[],"row":162,"row_count":1,"visible":true},{"chunk_id":"cq4glk4atdr72","expansion_state":0,"options":[],"row":175,"row_count":1,"visible":true},{"chunk_id":"c58zl6do2te4i","expansion_state":0,"options":[],"row":187,"row_count":1,"visible":true},{"chunk_id":"cdmv44y24mtrn","expansion_state":0,"options":[],"row":199,"row_count":1,"visible":true},{"chunk_id":"c9909y4263iqa","expansion_state":0,"options":[],"row":211,"row_count":1,"visible":true},{"chunk_id":"cz7isp7un0wuh","expansion_state":0,"options":[],"row":222,"row_count":1,"visible":true},{"chunk_id":"cwwk6ywrgolfb","expansion_state":0,"options":[],"row":231,"row_count":1,"visible":true},{"chunk_id":"c5s7dawqdqd5e","expansion_state":0,"options":[],"row":244,"row_count":1,"visible":true},{"chunk_id":"c5fnju97osztd","expansion_state":0,"options":[],"row":254,"row_count":1,"visible":true},{"chunk_id":"cue4pk82hjpud","expansion_state":0,"options":[],"row":265,"row_count":1,"visible":true}],"doc_write_time":1489347160}
